run,std_order,A_coded,B_coded,C_coded,A_wtpct,B_wtpct,C_wtpct,eta100_Tres_cP,eta0p1_25C_cP,Gprime_1Hz_Pa,t_half_Tres_min,residue_wtpct,settling_mm_s
1,13,0,0,0,0.3,0.3,1.0,,,,,,
2,14,0,0,0,0.3,0.3,1.0,,,,,,
3,8,1,0,1,0.4,0.3,1.5,,,,,,
4,10,0,-1,1,0.3,0.1,1.5,,,,,,
5,11,0,1,-1,0.3,0.5,0.5,,,,,,
6,7,1,0,-1,0.4,0.3,0.5,,,,,,
7,4,1,1,0,0.4,0.5,1.0,,,,,,
8,3,1,-1,0,0.4,0.1,1.0,,,,,,
9,1,-1,-1,0,0.2,0.1,1.0,,,,,,
10,9,0,-1,-1,0.3,0.1,0.5,,,,,,
11,15,0,0,0,0.3,0.3,1.0,,,,,,
12,12,0,1,1,0.3,0.5,1.5,,,,,,
13,6,-1,0,1,0.2,0.3,1.5,,,,,,
14,2,-1,1,0,0.2,0.5,1.0,,,,,,
15,5,-1,0,-1,0.2,0.3,0.5,,,,,,
